number,name,email,date
0,Kathleen Eaves,Kathleen_Eaves@yahoo.com,1980-02-10 21:05:29.888600
1,Mary Hardwick,Mary_Hardwick@yahoo.com,1983-02-10 21:05:29.888600
2,Ronald Leyh,Ronald_Leyh@yahoo.com,1981-02-10 21:05:29.888600
3,Mark Barajas,Mark_Barajas@yahoo.com,1990-02-10 21:05:29.888600
4,Jacqueline Lord,Jacqueline_Lord@yahoo.com,1989-02-10 21:05:29.888600
5,Ta Knowlton,Ta_Knowlton@yahoo.com,1981-02-10 21:05:29.888600
6,Kelvin Long,Kelvin_Long@yahoo.com,1986-02-10 21:05:29.888600
7,Wayne Bradley,Wayne_Bradley@yahoo.com,1985-02-10 21:05:29.888600
8,Joseph Edison,Joseph_Edison@yahoo.com,1986-02-10 21:05:29.888600
9,Christopher Wilson,Christopher_Wilson@yahoo.com,1990-02-10 21:05:29.888600
10,Evelyn Whitely,Evelyn_Whitely@yahoo.com,1989-02-10 21:05:29.888600
11,Mark Shields,Mark_Shields@yahoo.com,1983-02-10 21:05:29.888600
12,Barbara Rubio,Barbara_Rubio@yahoo.com,1982-02-10 21:05:29.888600
13,Janet Watkins,Janet_Watkins@yahoo.com,1987-02-10 21:05:29.888600
14,Frieda Banks,Frieda_Banks@yahoo.com,1985-02-10 21:05:29.888600
15,Melvin Johnson,Melvin_Johnson@yahoo.com,1986-02-10 21:05:29.888600
16,Leroy Wheeler,Leroy_Wheeler@yahoo.com,1988-02-10 21:05:29.888600
17,John Gonzalez,John_Gonzalez@yahoo.com,1982-02-10 21:05:29.888600
18,Michael Starkey,Michael_Starkey@yahoo.com,1983-02-10 21:05:29.888600
19,Lillie Corvera,Lillie_Corvera@yahoo.com,1981-02-10 21:05:29.888600
20,Robert Daniel,Robert_Daniel@yahoo.com,1989-02-10 21:05:29.888600
21,Juan Wilson,Juan_Wilson@yahoo.com,1990-02-10 21:05:29.888600
22,Rita Young,Rita_Young@yahoo.com,1980-02-10 21:05:29.889600
23,Larry Schuttler,Larry_Schuttler@yahoo.com,1982-02-10 21:05:29.889600
24,Lawrence Ha,Lawrence_Ha@yahoo.com,1983-02-10 21:05:29.889600
25,Kristy Anthony,Kristy_Anthony@yahoo.com,1990-02-10 21:05:29.889600
26,Angela Mcdaniel,Angela_Mcdaniel@yahoo.com,1989-02-10 21:05:29.889600
27,Kevin Hamilton,Kevin_Hamilton@yahoo.com,1982-02-10 21:05:29.889600
28,Peter Groth,Peter_Groth@yahoo.com,1982-02-10 21:05:29.889600
29,Edna Wallace,Edna_Wallace@yahoo.com,1988-02-10 21:05:29.889600
30,Jo Bush,Jo_Bush@yahoo.com,1981-02-10 21:05:29.889600
31,Barbara Wilburn,Barbara_Wilburn@yahoo.com,1988-02-10 21:05:29.889600
32,David Steed,David_Steed@yahoo.com,1985-02-10 21:05:29.889600
33,Jose Gomez,Jose_Gomez@yahoo.com,1981-02-10 21:05:29.889600
34,Clyde Nelson,Clyde_Nelson@yahoo.com,1980-02-10 21:05:29.889600
35,Rachel Jackson,Rachel_Jackson@yahoo.com,1984-02-10 21:05:29.889600
36,Henry Banister,Henry_Banister@yahoo.com,1990-02-10 21:05:29.889600
37,Sergio Nguyen,Sergio_Nguyen@yahoo.com,1981-02-10 21:05:29.889600
38,Jessica Taylor,Jessica_Taylor@yahoo.com,1989-02-10 21:05:29.889600
39,Kelly Fry,Kelly_Fry@yahoo.com,1981-02-10 21:05:29.889600
40,Chad Arroyo,Chad_Arroyo@yahoo.com,1984-02-10 21:05:29.889600
41,Ashley Maddox,Ashley_Maddox@yahoo.com,1980-02-10 21:05:29.889600
42,Norman Gant,Norman_Gant@yahoo.com,1984-02-10 21:05:29.889600
43,Sharron Wilson,Sharron_Wilson@yahoo.com,1990-02-10 21:05:29.889600
44,Peg Finegan,Peg_Finegan@yahoo.com,1989-02-10 21:05:29.889600
45,Donna Gorecki,Donna_Gorecki@yahoo.com,1982-02-10 21:05:29.889600
46,George Hill,George_Hill@yahoo.com,1986-02-10 21:05:29.889600
47,Sandy Goffinet,Sandy_Goffinet@yahoo.com,1988-02-10 21:05:29.889600
48,Virginia Rush,Virginia_Rush@yahoo.com,1982-02-10 21:05:29.889600
49,Nancie Adkins,Nancie_Adkins@yahoo.com,1986-02-10 21:05:29.889600
50,Daniel Kantrowitz,Daniel_Kantrowitz@yahoo.com,1995-02-10 21:05:29.889600
51,Denise Mefford,Denise_Mefford@yahoo.com,1998-02-10 21:05:29.889600
52,David Russell,David_Russell@yahoo.com,1991-02-10 21:05:29.889600
53,Mark Covington,Mark_Covington@yahoo.com,2000-02-10 21:05:29.889600
54,Rose Rodriquez,Rose_Rodriquez@yahoo.com,1995-02-10 21:05:29.889600
55,Paula Faulkner,Paula_Faulkner@yahoo.com,1994-02-10 21:05:29.889600
56,Lisa Meade,Lisa_Meade@yahoo.com,1994-02-10 21:05:29.889600
57,Ella Dew,Ella_Dew@yahoo.com,1992-02-10 21:05:29.889600
58,Antonio Aponte,Antonio_Aponte@yahoo.com,1991-02-10 21:05:29.890600
59,Isaiah Castillo,Isaiah_Castillo@yahoo.com,1999-02-10 21:05:29.890600
60,Stephen Jordan,Stephen_Jordan@yahoo.com,1999-02-10 21:05:29.890600
61,Joseph Long,Joseph_Long@yahoo.com,1999-02-10 21:05:29.890600
62,Jose Lee,Jose_Lee@yahoo.com,1992-02-10 21:05:29.890600
63,Dianne Sinclair,Dianne_Sinclair@yahoo.com,1999-02-10 21:05:29.890600
64,Travis Smith,Travis_Smith@yahoo.com,1996-02-10 21:05:29.890600
65,Betty Olson,Betty_Olson@yahoo.com,1998-02-10 21:05:29.890600
66,Brian Mcknight,Brian_Mcknight@yahoo.com,1995-02-10 21:05:29.890600
67,Freddie Porter,Freddie_Porter@yahoo.com,1994-02-10 21:05:29.890600
68,Joshua Clinton,Joshua_Clinton@yahoo.com,1994-02-10 21:05:29.890600
69,Maureen Rice,Maureen_Rice@yahoo.com,1999-02-10 21:05:29.890600
70,Josie Hoard,Josie_Hoard@yahoo.com,1998-02-10 21:05:29.890600
71,Jorge Manuel,Jorge_Manuel@yahoo.com,1997-02-10 21:05:29.890600
72,Eric Price,Eric_Price@yahoo.com,1999-02-10 21:05:29.890600
73,Lois Richards,Lois_Richards@yahoo.com,1992-02-10 21:05:29.890600
74,Barbara Krug,Barbara_Krug@yahoo.com,1994-02-10 21:05:29.890600
75,Alan Hill,Alan_Hill@yahoo.com,1991-02-10 21:05:29.890600
76,Mary Richter,Mary_Richter@yahoo.com,1995-02-10 21:05:29.890600
77,Susan Wong,Susan_Wong@yahoo.com,2000-02-10 21:05:29.890600
78,Brian Fernandez,Brian_Fernandez@yahoo.com,1993-02-10 21:05:29.890600
79,Derrick Gray,Derrick_Gray@yahoo.com,2000-02-10 21:05:29.890600
80,Joe Cromer,Joe_Cromer@yahoo.com,1991-02-10 21:05:29.890600
81,Jay Franklin,Jay_Franklin@yahoo.com,1995-02-10 21:05:29.890600
82,Jennifer Haines,Jennifer_Haines@yahoo.com,1991-02-10 21:05:29.890600
83,David Echols,David_Echols@yahoo.com,1995-02-10 21:05:29.890600
84,George Schwartz,George_Schwartz@yahoo.com,1996-02-10 21:05:29.890600
85,Kathryn Rambo,Kathryn_Rambo@yahoo.com,2000-02-10 21:05:29.890600
86,Greg Tellefson,Greg_Tellefson@yahoo.com,2000-02-10 21:05:29.890600
87,Maryann Ortiz,Maryann_Ortiz@yahoo.com,1999-02-10 21:05:29.890600
88,Peter Mcmahon,Peter_Mcmahon@yahoo.com,1998-02-10 21:05:29.890600
89,Dawn Ewing,Dawn_Ewing@yahoo.com,1999-02-10 21:05:29.890600
90,Douglas Ezzelle,Douglas_Ezzelle@yahoo.com,1991-02-10 21:05:29.890600
91,Terry True,Terry_True@yahoo.com,1995-02-10 21:05:29.890600
92,Zachary Ruiz,Zachary_Ruiz@yahoo.com,1999-02-10 21:05:29.890600
93,Donna Makin,Donna_Makin@yahoo.com,1997-02-10 21:05:29.890600
94,Athena Oneil,Athena_Oneil@yahoo.com,1999-02-10 21:05:29.890600
95,Rosina Poland,Rosina_Poland@yahoo.com,2000-02-10 21:05:29.890600
96,Regina Crider,Regina_Crider@yahoo.com,2000-02-10 21:05:29.890600
97,Robert Mckinley,Robert_Mckinley@yahoo.com,1997-02-10 21:05:29.890600
98,Susan Davis,Susan_Davis@yahoo.com,1992-02-10 21:05:29.890600
99,Mary Elam,Mary_Elam@yahoo.com,1997-02-10 21:05:29.890600
100,Maria Hagan,Maria_Hagan@yahoo.com,1993-02-10 21:05:29.890600
101,Sonya Thibodeaux,Sonya_Thibodeaux@yahoo.com,1999-02-10 21:05:29.890600
102,Julie Nance,Julie_Nance@yahoo.com,1992-02-10 21:05:29.890600
103,Blanche Calhoun,Blanche_Calhoun@yahoo.com,1998-02-10 21:05:29.890600
104,Ryan Bolstad,Ryan_Bolstad@yahoo.com,1997-02-10 21:05:29.890600
105,Michele Sullivan,Michele_Sullivan@yahoo.com,1991-02-10 21:05:29.890600
106,Joan Marine,Joan_Marine@yahoo.com,1997-02-10 21:05:29.890600
107,Tera Lee,Tera_Lee@yahoo.com,2000-02-10 21:05:29.890600
108,Julia Harding,Julia_Harding@yahoo.com,2000-02-10 21:05:29.890600
109,Mark Barnes,Mark_Barnes@yahoo.com,1997-02-10 21:05:29.890600
110,Jamel Jackson,Jamel_Jackson@yahoo.com,1999-02-10 21:05:29.890600
111,Linda Lagasca,Linda_Lagasca@yahoo.com,1999-02-10 21:05:29.890600
112,Ashley Watkins,Ashley_Watkins@yahoo.com,1993-02-10 21:05:29.890600
113,Henry Ledford,Henry_Ledford@yahoo.com,1996-02-10 21:05:29.890600
114,Latasha Robertson,Latasha_Robertson@yahoo.com,2000-02-10 21:05:29.890600
115,Aaron Sanders,Aaron_Sanders@yahoo.com,1998-02-10 21:05:29.890600
116,Felisa Woods,Felisa_Woods@yahoo.com,1994-02-10 21:05:29.890600
117,John Martines,John_Martines@yahoo.com,1997-02-10 21:05:29.890600
118,Nancy White,Nancy_White@yahoo.com,1993-02-10 21:05:29.891600
119,Mildred Aldous,Mildred_Aldous@yahoo.com,1996-02-10 21:05:29.891600
120,Paulina Price,Paulina_Price@yahoo.com,1994-02-10 21:05:29.891600
121,Mary Jones,Mary_Jones@yahoo.com,2000-02-10 21:05:29.891600
122,Ruby Morrow,Ruby_Morrow@yahoo.com,1997-02-10 21:05:29.891600
123,Walter Crowson,Walter_Crowson@yahoo.com,1991-02-10 21:05:29.891600
124,Gerald Dunstan,Gerald_Dunstan@yahoo.com,1995-02-10 21:05:29.891600
125,Kurt Chalmers,Kurt_Chalmers@yahoo.com,1997-02-10 21:05:29.891600
126,Michael Reeves,Michael_Reeves@yahoo.com,1992-02-10 21:05:29.891600
127,Norman Davis,Norman_Davis@yahoo.com,2000-02-10 21:05:29.891600
128,Darlene Nagle,Darlene_Nagle@yahoo.com,1997-02-10 21:05:29.891600
129,Suzanne Olivas,Suzanne_Olivas@yahoo.com,1995-02-10 21:05:29.891600
130,Steve Charles,Steve_Charles@yahoo.com,1993-02-10 21:05:29.891600
131,David Minton,David_Minton@yahoo.com,1998-02-10 21:05:29.891600
132,Marjorie Crawley,Marjorie_Crawley@yahoo.com,1995-02-10 21:05:29.891600
133,Paul Bohrman,Paul_Bohrman@yahoo.com,1995-02-10 21:05:29.891600
134,Martha Bass,Martha_Bass@yahoo.com,1994-02-10 21:05:29.891600
135,Renea Voelkel,Renea_Voelkel@yahoo.com,2000-02-10 21:05:29.891600
136,Albert Bayles,Albert_Bayles@yahoo.com,2000-02-10 21:05:29.891600
137,Harold Carroll,Harold_Carroll@yahoo.com,1993-02-10 21:05:29.891600
138,Elizabeth Mucci,Elizabeth_Mucci@yahoo.com,1994-02-10 21:05:29.891600
139,Janie Taylor,Janie_Taylor@yahoo.com,1991-02-10 21:05:29.891600
140,Rachel Lastufka,Rachel_Lastufka@yahoo.com,1999-02-10 21:05:29.891600
141,Frank Gabriele,Frank_Gabriele@yahoo.com,1996-02-10 21:05:29.891600
142,Amy Leanos,Amy_Leanos@yahoo.com,1999-02-10 21:05:29.891600
143,Dawn Morales,Dawn_Morales@yahoo.com,1995-02-10 21:05:29.891600
144,Lucien Alvarado,Lucien_Alvarado@yahoo.com,1991-02-10 21:05:29.891600
145,James Smith,James_Smith@yahoo.com,1993-02-10 21:05:29.891600
146,Thomas Urban,Thomas_Urban@yahoo.com,1994-02-10 21:05:29.891600
147,Gregory Bean,Gregory_Bean@yahoo.com,1991-02-10 21:05:29.891600
148,Edward Anthony,Edward_Anthony@yahoo.com,1991-02-10 21:05:29.891600
149,Lisa Deal,Lisa_Deal@yahoo.com,1992-02-10 21:05:29.891600
150,Karen Mccurdy,Karen_Mccurdy@yahoo.com,2008-02-10 21:05:29.891600
151,Mildred Booth,Mildred_Booth@yahoo.com,2008-02-10 21:05:29.891600
152,Wade Dexter,Wade_Dexter@yahoo.com,2003-02-10 21:05:29.891600
153,Annette Marlow,Annette_Marlow@yahoo.com,2001-02-10 21:05:29.891600
154,Angela Hunter,Angela_Hunter@yahoo.com,2009-02-10 21:05:29.891600
155,James Condren,James_Condren@yahoo.com,2004-02-10 21:05:29.891600
156,Karen Allen,Karen_Allen@yahoo.com,2001-02-10 21:05:29.891600
157,Bruce Wallace,Bruce_Wallace@yahoo.com,2003-02-10 21:05:29.891600
158,Joey Young,Joey_Young@yahoo.com,2007-02-10 21:05:29.891600
159,Michael Clauss,Michael_Clauss@yahoo.com,2004-02-10 21:05:29.891600
160,Kenneth Warner,Kenneth_Warner@yahoo.com,2006-02-10 21:05:29.891600
161,Guadalupe Dumas,Guadalupe_Dumas@yahoo.com,2009-02-10 21:05:29.891600
162,Ronnie Bentley,Ronnie_Bentley@yahoo.com,2008-02-10 21:05:29.891600
163,Arthur Whitt,Arthur_Whitt@yahoo.com,2008-02-10 21:05:29.891600
164,Dorothy Robinson,Dorothy_Robinson@yahoo.com,2003-02-10 21:05:29.891600
165,Gladys Kelley,Gladys_Kelley@yahoo.com,2008-02-10 21:05:29.891600
166,Kevin Pete,Kevin_Pete@yahoo.com,2006-02-10 21:05:29.891600
167,Brandon Denton,Brandon_Denton@yahoo.com,2002-02-10 21:05:29.891600
168,Ronald Ellis,Ronald_Ellis@yahoo.com,2005-02-10 21:05:29.891600
169,Janice Macias,Janice_Macias@yahoo.com,2002-02-10 21:05:29.892600
170,Michael Plotner,Michael_Plotner@yahoo.com,2006-02-10 21:05:29.892600
171,Mary Oldfield,Mary_Oldfield@yahoo.com,2006-02-10 21:05:29.892600
172,Stephen Nussbaum,Stephen_Nussbaum@yahoo.com,2002-02-10 21:05:29.892600
173,Elma Martinez,Elma_Martinez@yahoo.com,2008-02-10 21:05:29.892600
174,Kimberly Nadeau,Kimberly_Nadeau@yahoo.com,2010-02-10 21:05:29.892600
175,Freddy Johnson,Freddy_Johnson@yahoo.com,2006-02-10 21:05:29.892600
176,Priscilla Rosen,Priscilla_Rosen@yahoo.com,2001-02-10 21:05:29.892600
177,Eric Copper,Eric_Copper@yahoo.com,2008-02-10 21:05:29.892600
178,Isaiah Monath,Isaiah_Monath@yahoo.com,2008-02-10 21:05:29.892600
179,Frank Kindl,Frank_Kindl@yahoo.com,2008-02-10 21:05:29.892600
180,Darlene Bean,Darlene_Bean@yahoo.com,2007-02-10 21:05:29.892600
181,Scott Galan,Scott_Galan@yahoo.com,2006-02-10 21:05:29.892600
182,Joann Smith,Joann_Smith@yahoo.com,2004-02-10 21:05:29.892600
183,Kaitlin Dart,Kaitlin_Dart@yahoo.com,2008-02-10 21:05:29.892600
184,Andrew Doster,Andrew_Doster@yahoo.com,2008-02-10 21:05:29.892600
185,Jodie Mcbroom,Jodie_Mcbroom@yahoo.com,2004-02-10 21:05:29.892600
186,Micheal Chapa,Micheal_Chapa@yahoo.com,2004-02-10 21:05:29.892600
187,Laquita Bailey,Laquita_Bailey@yahoo.com,2005-02-10 21:05:29.892600
188,Earl Eidson,Earl_Eidson@yahoo.com,2006-02-10 21:05:29.892600
189,Marlon Button,Marlon_Button@yahoo.com,2006-02-10 21:05:29.892600
190,Rachel Gil,Rachel_Gil@yahoo.com,2007-02-10 21:05:29.892600
191,Rose Wiggins,Rose_Wiggins@yahoo.com,2002-02-10 21:05:29.892600
192,Raymond Jensen,Raymond_Jensen@yahoo.com,2004-02-10 21:05:29.892600
193,Mike Matherly,Mike_Matherly@yahoo.com,2008-02-10 21:05:29.892600
194,Charles Miller,Charles_Miller@yahoo.com,2008-02-10 21:05:29.892600
195,Michael Jolly,Michael_Jolly@yahoo.com,2010-02-10 21:05:29.892600
196,Maureen Laskin,Maureen_Laskin@yahoo.com,2005-02-10 21:05:29.892600
197,Jason Mckinney,Jason_Mckinney@yahoo.com,2005-02-10 21:05:29.892600
198,Edward Flower,Edward_Flower@yahoo.com,2010-02-10 21:05:29.892600
199,Roger Higginbotham,Roger_Higginbotham@yahoo.com,2002-02-10 21:05:29.892600
200,Juan Pyles,Juan_Pyles@yahoo.com,2005-02-10 21:05:29.892600
201,Jeanette Voss,Jeanette_Voss@yahoo.com,2007-02-10 21:05:29.892600
202,Annabelle Haugen,Annabelle_Haugen@yahoo.com,2004-02-10 21:05:29.892600
203,Emily Smith,Emily_Smith@yahoo.com,2007-02-10 21:05:29.892600
204,Lee Mcmillan,Lee_Mcmillan@yahoo.com,2009-02-10 21:05:29.892600
205,Ronald Westcott,Ronald_Westcott@yahoo.com,2004-02-10 21:05:29.892600
206,Mary Hance,Mary_Hance@yahoo.com,2004-02-10 21:05:29.892600
207,Dewitt Fratta,Dewitt_Fratta@yahoo.com,2004-02-10 21:05:29.892600
208,Gordon Shaw,Gordon_Shaw@yahoo.com,2009-02-10 21:05:29.892600
209,Carol Clemons,Carol_Clemons@yahoo.com,2002-02-10 21:05:29.892600
210,Russell Garza,Russell_Garza@yahoo.com,2001-02-10 21:05:29.892600
211,James Wilson,James_Wilson@yahoo.com,2005-02-10 21:05:29.892600
212,Vivian Porter,Vivian_Porter@yahoo.com,2003-02-10 21:05:29.892600
213,Lucille Fuller,Lucille_Fuller@yahoo.com,2005-02-10 21:05:29.892600
214,Diane Whitacre,Diane_Whitacre@yahoo.com,2003-02-10 21:05:29.892600
215,Joseph Beard,Joseph_Beard@yahoo.com,2001-02-10 21:05:29.892600
216,Inez Rogers,Inez_Rogers@yahoo.com,2007-02-10 21:05:29.892600
217,Hattie Jernigan,Hattie_Jernigan@yahoo.com,2001-02-10 21:05:29.892600
218,Brian Maxey,Brian_Maxey@yahoo.com,2003-02-10 21:05:29.892600
219,Ona Beales,Ona_Beales@yahoo.com,2002-02-10 21:05:29.892600
220,William Ball,William_Ball@yahoo.com,2007-02-10 21:05:29.892600
221,Beverly Ballinger,Beverly_Ballinger@yahoo.com,2008-02-10 21:05:29.892600
222,Glenn Wilson,Glenn_Wilson@yahoo.com,2009-02-10 21:05:29.892600
223,Cynthia Bradley,Cynthia_Bradley@yahoo.com,2007-02-10 21:05:29.892600
224,Bryon Ohl,Bryon_Ohl@yahoo.com,2003-02-10 21:05:29.892600
225,Gregory Davis,Gregory_Davis@yahoo.com,2006-02-10 21:05:29.893600
226,Louise Dukes,Louise_Dukes@yahoo.com,2009-02-10 21:05:29.893600
227,Josephine Swick,Josephine_Swick@yahoo.com,2010-02-10 21:05:29.893600
228,Floyd Kowalsky,Floyd_Kowalsky@yahoo.com,2003-02-10 21:05:29.893600
229,Anne Martin,Anne_Martin@yahoo.com,2007-02-10 21:05:29.893600
230,Lana Wagner,Lana_Wagner@yahoo.com,2004-02-10 21:05:29.893600
231,William Moore,William_Moore@yahoo.com,2007-02-10 21:05:29.893600
232,Natalia Lescarbeau,Natalia_Lescarbeau@yahoo.com,2003-02-10 21:05:29.893600
233,Sandra Threet,Sandra_Threet@yahoo.com,2004-02-10 21:05:29.893600
234,Brooke Rusert,Brooke_Rusert@yahoo.com,2004-02-10 21:05:29.893600
235,Daryl Hoskins,Daryl_Hoskins@yahoo.com,2004-02-10 21:05:29.893600
236,Raul Cruice,Raul_Cruice@yahoo.com,2005-02-10 21:05:29.893600
237,Deborah Schultz,Deborah_Schultz@yahoo.com,2002-02-10 21:05:29.893600
238,Victor Green,Victor_Green@yahoo.com,2009-02-10 21:05:29.893600
239,Richard Stowe,Richard_Stowe@yahoo.com,2003-02-10 21:05:29.893600
240,Michael Campbell,Michael_Campbell@yahoo.com,2004-02-10 21:05:29.893600
241,Thomas Sullivan,Thomas_Sullivan@yahoo.com,2007-02-10 21:05:29.893600
242,Aaron King,Aaron_King@yahoo.com,2010-02-10 21:05:29.893600
243,Mark Wong,Mark_Wong@yahoo.com,2010-02-10 21:05:29.893600
244,Eric Lee,Eric_Lee@yahoo.com,2006-02-10 21:05:29.893600
245,Dortha Rowland,Dortha_Rowland@yahoo.com,2009-02-10 21:05:29.893600
246,David Walton,David_Walton@yahoo.com,2003-02-10 21:05:29.893600
247,Alicia Price,Alicia_Price@yahoo.com,2002-02-10 21:05:29.893600
248,Barbara Lopez,Barbara_Lopez@yahoo.com,2010-02-10 21:05:29.893600
249,Frank Jackson,Frank_Jackson@yahoo.com,2009-02-10 21:05:29.893600
250,Mary Needels,Mary_Needels@yahoo.com,2005-02-10 21:05:29.893600
251,Dixie Crawford,Dixie_Crawford@yahoo.com,2001-02-10 21:05:29.893600
252,Carmelo Mckoy,Carmelo_Mckoy@yahoo.com,2004-02-10 21:05:29.893600
253,Toni Macias,Toni_Macias@yahoo.com,2008-02-10 21:05:29.893600
254,Barry Jones,Barry_Jones@yahoo.com,2003-02-10 21:05:29.894600
255,Sherri Howse,Sherri_Howse@yahoo.com,2006-02-10 21:05:29.894600
256,Robert Williams,Robert_Williams@yahoo.com,2002-02-10 21:05:29.894600
257,Christy Bombich,Christy_Bombich@yahoo.com,2003-02-10 21:05:29.894600
258,Edward Kaczmarek,Edward_Kaczmarek@yahoo.com,2008-02-10 21:05:29.894600
259,Tori Roberts,Tori_Roberts@yahoo.com,2004-02-10 21:05:29.894600
260,Donald Rodriguez,Donald_Rodriguez@yahoo.com,2004-02-10 21:05:29.894600
261,Andrew Jackson,Andrew_Jackson@yahoo.com,2009-02-10 21:05:29.894600
262,Mary Harris,Mary_Harris@yahoo.com,2005-02-10 21:05:29.894600
263,Pierre Fisher,Pierre_Fisher@yahoo.com,2003-02-10 21:05:29.894600
264,Deborah Martinez,Deborah_Martinez@yahoo.com,2006-02-10 21:05:29.894600
265,Michael Ekberg,Michael_Ekberg@yahoo.com,2004-02-10 21:05:29.894600
266,Clinton Neel,Clinton_Neel@yahoo.com,2002-02-10 21:05:29.894600
267,Jack Miller,Jack_Miller@yahoo.com,2004-02-10 21:05:29.894600
268,John Cox,John_Cox@yahoo.com,2002-02-10 21:05:29.894600
269,Wanda Rogers,Wanda_Rogers@yahoo.com,2008-02-10 21:05:29.894600
270,Angle Crockett,Angle_Crockett@yahoo.com,2006-02-10 21:05:29.894600
271,David Pryor,David_Pryor@yahoo.com,2006-02-10 21:05:29.894600
272,Joshua Myers,Joshua_Myers@yahoo.com,2002-02-10 21:05:29.894600
273,Patricia Sears,Patricia_Sears@yahoo.com,2009-02-10 21:05:29.894600
274,Linda Resendez,Linda_Resendez@yahoo.com,2007-02-10 21:05:29.894600
275,Patricia Reyes,Patricia_Reyes@yahoo.com,2009-02-10 21:05:29.894600
276,Mark Owens,Mark_Owens@yahoo.com,2008-02-10 21:05:29.894600
277,Norman Mckenzie,Norman_Mckenzie@yahoo.com,2009-02-10 21:05:29.894600
278,Christine Meyer,Christine_Meyer@yahoo.com,2004-02-10 21:05:29.894600
279,Shirley Strickland,Shirley_Strickland@yahoo.com,2009-02-10 21:05:29.894600
280,Ana Medina,Ana_Medina@yahoo.com,2001-02-10 21:05:29.894600
281,Deborah Vera,Deborah_Vera@yahoo.com,2001-02-10 21:05:29.894600
282,Kim Bell,Kim_Bell@yahoo.com,2004-02-10 21:05:29.894600
283,Mark Bassetti,Mark_Bassetti@yahoo.com,2010-02-10 21:05:29.894600
284,Joshua Kositzke,Joshua_Kositzke@yahoo.com,2003-02-10 21:05:29.894600
285,Agnes Vinson,Agnes_Vinson@yahoo.com,2004-02-10 21:05:29.894600
286,Alejandro Bachand,Alejandro_Bachand@yahoo.com,2009-02-10 21:05:29.894600
287,Becky Mills,Becky_Mills@yahoo.com,2007-02-10 21:05:29.894600
288,Deborah Mclaughlin,Deborah_Mclaughlin@yahoo.com,2008-02-10 21:05:29.894600
289,Timothy Singley,Timothy_Singley@yahoo.com,2010-02-10 21:05:29.894600
290,Jake Sanchez,Jake_Sanchez@yahoo.com,2006-02-10 21:05:29.894600
291,Micheal Lawrence,Micheal_Lawrence@yahoo.com,2007-02-10 21:05:29.894600
292,Buford Scuderi,Buford_Scuderi@yahoo.com,2008-02-10 21:05:29.894600
293,Brian Mistrot,Brian_Mistrot@yahoo.com,2001-02-10 21:05:29.894600
294,Charles Fraughton,Charles_Fraughton@yahoo.com,2008-02-10 21:05:29.894600
295,Sammy Jones,Sammy_Jones@yahoo.com,2008-02-10 21:05:29.894600
296,Joan Slipper,Joan_Slipper@yahoo.com,2002-02-10 21:05:29.894600
297,Denise Webster,Denise_Webster@yahoo.com,2007-02-10 21:05:29.894600
298,Jason Riebe,Jason_Riebe@yahoo.com,2005-02-10 21:05:29.894600
299,Terri Reeves,Terri_Reeves@yahoo.com,2001-02-10 21:05:29.894600
300,Edith Bullard,Edith_Bullard@yahoo.com,2012-02-10 21:05:29.895600
301,Larry Caraballo,Larry_Caraballo@yahoo.com,2012-02-10 21:05:29.895600
302,Jillian Mcclain,Jillian_Mcclain@yahoo.com,2014-02-10 21:05:29.895600
303,Rick Mccoy,Rick_Mccoy@yahoo.com,2020-02-10 21:05:29.895600
304,Deborah Johnsen,Deborah_Johnsen@yahoo.com,2015-02-10 21:05:29.895600
305,Michael Hamed,Michael_Hamed@yahoo.com,2021-02-10 21:05:29.895600
306,Edna Bennett,Edna_Bennett@yahoo.com,2016-02-10 21:05:29.895600
307,Sara Moore,Sara_Moore@yahoo.com,2018-02-10 21:05:29.895600
308,Johnny Reyes,Johnny_Reyes@yahoo.com,2012-02-10 21:05:29.895600
309,Jose Hudson,Jose_Hudson@yahoo.com,2012-02-10 21:05:29.895600
310,Rebecca Young,Rebecca_Young@yahoo.com,2018-02-10 21:05:29.895600
311,Sheila Wallace,Sheila_Wallace@yahoo.com,2020-02-10 21:05:29.895600
312,Bernadette Bentz,Bernadette_Bentz@yahoo.com,2011-02-10 21:05:29.895600
313,Martha Guzman,Martha_Guzman@yahoo.com,2015-02-10 21:05:29.895600
314,Sue Avery,Sue_Avery@yahoo.com,2014-02-10 21:05:29.895600
315,Michael Smallwood,Michael_Smallwood@yahoo.com,2016-02-10 21:05:29.895600
316,Ora Fehling,Ora_Fehling@yahoo.com,2020-02-10 21:05:29.895600
317,Jean Gardner,Jean_Gardner@yahoo.com,2015-02-10 21:05:29.895600
318,Juan Jarvis,Juan_Jarvis@yahoo.com,2013-02-10 21:05:29.895600
319,Robert Robertson,Robert_Robertson@yahoo.com,2012-02-10 21:05:29.895600
320,Sandra Wilson,Sandra_Wilson@yahoo.com,2012-02-10 21:05:29.895600
321,Jason Saadd,Jason_Saadd@yahoo.com,2014-02-10 21:05:29.895600
322,Mary Hiers,Mary_Hiers@yahoo.com,2017-02-10 21:05:29.895600
323,Connie Herndon,Connie_Herndon@yahoo.com,2015-02-10 21:05:29.895600
324,Judy Dunlap,Judy_Dunlap@yahoo.com,2015-02-10 21:05:29.895600
325,Linda Bailey,Linda_Bailey@yahoo.com,2017-02-10 21:05:29.895600
326,Michele Cheek,Michele_Cheek@yahoo.com,2019-02-10 21:05:29.895600
327,Forrest Mcgrath,Forrest_Mcgrath@yahoo.com,2017-02-10 21:05:29.895600
328,Darryl Ortega,Darryl_Ortega@yahoo.com,2019-02-10 21:05:29.895600
329,Shelia Deboard,Shelia_Deboard@yahoo.com,2018-02-10 21:05:29.895600
330,Susan Martinez,Susan_Martinez@yahoo.com,2016-02-10 21:05:29.895600
331,Edna Purtell,Edna_Purtell@yahoo.com,2014-02-10 21:05:29.895600
332,Manuela Jury,Manuela_Jury@yahoo.com,2012-02-10 21:05:29.895600
333,Margherita Mcallen,Margherita_Mcallen@yahoo.com,2016-02-10 21:05:29.895600
334,Cassandra Tinley,Cassandra_Tinley@yahoo.com,2016-02-10 21:05:29.895600
335,Bobbi Compton,Bobbi_Compton@yahoo.com,2019-02-10 21:05:29.896600
336,Donald Querry,Donald_Querry@yahoo.com,2015-02-10 21:05:29.896600
337,Christopher Grenier,Christopher_Grenier@yahoo.com,2017-02-10 21:05:29.896600
338,Jacqueline Harmon,Jacqueline_Harmon@yahoo.com,2018-02-10 21:05:29.896600
339,William Bartkowiak,William_Bartkowiak@yahoo.com,2020-02-10 21:05:29.896600
340,Genaro Buss,Genaro_Buss@yahoo.com,2014-02-10 21:05:29.896600
341,John Mackey,John_Mackey@yahoo.com,2014-02-10 21:05:29.896600
342,Pamela Spencer,Pamela_Spencer@yahoo.com,2019-02-10 21:05:29.896600
343,Francis Strackbein,Francis_Strackbein@yahoo.com,2017-02-10 21:05:29.896600
344,Jasper Harris,Jasper_Harris@yahoo.com,2021-02-10 21:05:29.896600
345,Jacquelyn Taylor,Jacquelyn_Taylor@yahoo.com,2020-02-10 21:05:29.896600
346,Stephanie Belanger,Stephanie_Belanger@yahoo.com,2021-02-10 21:05:29.896600
347,Ruth Scott,Ruth_Scott@yahoo.com,2020-02-10 21:05:29.896600
348,Frances Nunez,Frances_Nunez@yahoo.com,2013-02-10 21:05:29.896600
349,Kenneth Burnett,Kenneth_Burnett@yahoo.com,2017-02-10 21:05:29.896600
350,Megan Harvey,Megan_Harvey@yahoo.com,2018-02-10 21:05:29.896600
351,Jackie Allison,Jackie_Allison@yahoo.com,2014-02-10 21:05:29.896600
352,Christine Rugg,Christine_Rugg@yahoo.com,2018-02-10 21:05:29.896600
353,Alexander Pierce,Alexander_Pierce@yahoo.com,2015-02-10 21:05:29.896600
354,Pamela Currier,Pamela_Currier@yahoo.com,2018-02-10 21:05:29.896600
355,William Young,William_Young@yahoo.com,2017-02-10 21:05:29.896600
356,Theresa Wolfenbarger,Theresa_Wolfenbarger@yahoo.com,2018-02-10 21:05:29.896600
357,John Hill,John_Hill@yahoo.com,2018-02-10 21:05:29.896600
358,Denisha Rosales,Denisha_Rosales@yahoo.com,2014-02-10 21:05:29.896600
359,Eugene Broadwater,Eugene_Broadwater@yahoo.com,2018-02-10 21:05:29.896600
360,Gretchen Gilliam,Gretchen_Gilliam@yahoo.com,2016-02-10 21:05:29.896600
361,Tiffany Fryer,Tiffany_Fryer@yahoo.com,2013-02-10 21:05:29.896600
362,Emma Perdue,Emma_Perdue@yahoo.com,2014-02-10 21:05:29.896600
363,Teresa Gibson,Teresa_Gibson@yahoo.com,2021-02-10 21:05:29.896600
364,Cynthia Wagner,Cynthia_Wagner@yahoo.com,2016-02-10 21:05:29.896600
365,Steven Patterson,Steven_Patterson@yahoo.com,2020-02-10 21:05:29.896600
366,Raymond Carnes,Raymond_Carnes@yahoo.com,2011-02-10 21:05:29.896600
367,Dorothy Kittel,Dorothy_Kittel@yahoo.com,2011-02-10 21:05:29.896600
368,Ricky Colbert,Ricky_Colbert@yahoo.com,2012-02-10 21:05:29.896600
369,Alfred Mccombs,Alfred_Mccombs@yahoo.com,2014-02-10 21:05:29.896600
370,Robert Coleman,Robert_Coleman@yahoo.com,2014-02-10 21:05:29.896600
371,Monica Daniels,Monica_Daniels@yahoo.com,2020-02-10 21:05:29.896600
372,Archie Smith,Archie_Smith@yahoo.com,2014-02-10 21:05:29.896600
373,Elizabeth Koontz,Elizabeth_Koontz@yahoo.com,2019-02-10 21:05:29.896600
374,Sherry Dyce,Sherry_Dyce@yahoo.com,2016-02-10 21:05:29.896600
375,Rita Sullivan,Rita_Sullivan@yahoo.com,2021-02-10 21:05:29.896600
376,Micah Miller,Micah_Miller@yahoo.com,2019-02-10 21:05:29.896600
377,George Thomas,George_Thomas@yahoo.com,2019-02-10 21:05:29.896600
378,Jane Madsen,Jane_Madsen@yahoo.com,2020-02-10 21:05:29.896600
379,Tina Mcfarland,Tina_Mcfarland@yahoo.com,2015-02-10 21:05:29.897600
380,Glenn Silk,Glenn_Silk@yahoo.com,2015-02-10 21:05:29.897600
381,Richard Cuppernell,Richard_Cuppernell@yahoo.com,2014-02-10 21:05:29.897600
382,Jerry Cooper,Jerry_Cooper@yahoo.com,2012-02-10 21:05:29.897600
383,Robert Williams,Robert_Williams@yahoo.com,2018-02-10 21:05:29.897600
384,Gretchen Ackley,Gretchen_Ackley@yahoo.com,2017-02-10 21:05:29.897600
385,Betty Grainger,Betty_Grainger@yahoo.com,2017-02-10 21:05:29.897600
386,Lori Todd,Lori_Todd@yahoo.com,2015-02-10 21:05:29.897600
387,Mary Mason,Mary_Mason@yahoo.com,2016-02-10 21:05:29.897600
388,Reginald Bridges,Reginald_Bridges@yahoo.com,2016-02-10 21:05:29.897600
389,Michael Mankey,Michael_Mankey@yahoo.com,2019-02-10 21:05:29.897600
390,Kathleen Cantu,Kathleen_Cantu@yahoo.com,2021-02-10 21:05:29.897600
391,Joanne Mueller,Joanne_Mueller@yahoo.com,2012-02-10 21:05:29.897600
392,Nora Farwell,Nora_Farwell@yahoo.com,2020-02-10 21:05:29.897600
393,Ana Howard,Ana_Howard@yahoo.com,2014-02-10 21:05:29.897600
394,Donna Evans,Donna_Evans@yahoo.com,2016-02-10 21:05:29.897600
395,Lee Florez,Lee_Florez@yahoo.com,2012-02-10 21:05:29.897600
396,Kitty Carroll,Kitty_Carroll@yahoo.com,2015-02-10 21:05:29.897600
397,Roy Porter,Roy_Porter@yahoo.com,2017-02-10 21:05:29.897600
398,Robin Evans,Robin_Evans@yahoo.com,2018-02-10 21:05:29.897600
399,Eva Stapp,Eva_Stapp@yahoo.com,2018-02-10 21:05:29.897600
400,Lori Houseworth,Lori_Houseworth@yahoo.com,2020-02-10 21:05:29.897600
401,John Curtis,John_Curtis@yahoo.com,2016-02-10 21:05:29.897600
402,Jose Wiser,Jose_Wiser@yahoo.com,2018-02-10 21:05:29.897600
403,Rebeca Brown,Rebeca_Brown@yahoo.com,2018-02-10 21:05:29.897600
404,Mark Walker,Mark_Walker@yahoo.com,2011-02-10 21:05:29.897600
405,Carolyn Fasheh,Carolyn_Fasheh@yahoo.com,2014-02-10 21:05:29.897600
406,Edward Peterson,Edward_Peterson@yahoo.com,2019-02-10 21:05:29.897600
407,Wanda Arnold,Wanda_Arnold@yahoo.com,2015-02-10 21:05:29.897600
408,Ruby Johnson,Ruby_Johnson@yahoo.com,2011-02-10 21:05:29.897600
409,Marjorie Cook,Marjorie_Cook@yahoo.com,2012-02-10 21:05:29.897600
410,Nicolas Faber,Nicolas_Faber@yahoo.com,2014-02-10 21:05:29.897600
411,Jay Scott,Jay_Scott@yahoo.com,2011-02-10 21:05:29.897600
412,Amanda Calnick,Amanda_Calnick@yahoo.com,2017-02-10 21:05:29.897600
413,Jesus Coffey,Jesus_Coffey@yahoo.com,2014-02-10 21:05:29.897600
414,Mark Hayes,Mark_Hayes@yahoo.com,2019-02-10 21:05:29.897600
415,Walter Ferrell,Walter_Ferrell@yahoo.com,2012-02-10 21:05:29.897600
416,Wayne Hall,Wayne_Hall@yahoo.com,2012-02-10 21:05:29.897600
417,Guy Whetstone,Guy_Whetstone@yahoo.com,2020-02-10 21:05:29.897600
418,Ruth Sottile,Ruth_Sottile@yahoo.com,2015-02-10 21:05:29.898600
419,Carl Pryor,Carl_Pryor@yahoo.com,2021-02-10 21:05:29.898600
420,Bonnie Leblanc,Bonnie_Leblanc@yahoo.com,2021-02-10 21:05:29.898600
421,Ryan Knight,Ryan_Knight@yahoo.com,2015-02-10 21:05:29.898600
422,Dorothy Petrie,Dorothy_Petrie@yahoo.com,2016-02-10 21:05:29.898600
423,Eleanor Jackson,Eleanor_Jackson@yahoo.com,2021-02-10 21:05:29.898600
424,Lonnie Leathers,Lonnie_Leathers@yahoo.com,2019-02-10 21:05:29.898600
425,Ngoc Martin,Ngoc_Martin@yahoo.com,2012-02-10 21:05:29.898600
426,Michael Gay,Michael_Gay@yahoo.com,2014-02-10 21:05:29.898600
427,Mandy Wu,Mandy_Wu@yahoo.com,2011-02-10 21:05:29.898600
428,Maria Chambers,Maria_Chambers@yahoo.com,2017-02-10 21:05:29.898600
429,James Bivins,James_Bivins@yahoo.com,2018-02-10 21:05:29.898600
430,Arlene Brown,Arlene_Brown@yahoo.com,2019-02-10 21:05:29.898600
431,Rudolf Torres,Rudolf_Torres@yahoo.com,2016-02-10 21:05:29.898600
432,Patricia Gentile,Patricia_Gentile@yahoo.com,2016-02-10 21:05:29.898600
433,James Diaz,James_Diaz@yahoo.com,2011-02-10 21:05:29.898600
434,Carol Solomon,Carol_Solomon@yahoo.com,2018-02-10 21:05:29.898600
435,Nadine Dean,Nadine_Dean@yahoo.com,2021-02-10 21:05:29.898600
436,James Smith,James_Smith@yahoo.com,2021-02-10 21:05:29.898600
437,Linda Courtney,Linda_Courtney@yahoo.com,2016-02-10 21:05:29.898600
438,Terry Welch,Terry_Welch@yahoo.com,2020-02-10 21:05:29.898600
439,Jerry Moh,Jerry_Moh@yahoo.com,2016-02-10 21:05:29.898600
440,Alberta Carmley,Alberta_Carmley@yahoo.com,2017-02-10 21:05:29.898600
441,Ida Juncaj,Ida_Juncaj@yahoo.com,2021-02-10 21:05:29.898600
442,Jesse Speer,Jesse_Speer@yahoo.com,2015-02-10 21:05:29.898600
443,James Hill,James_Hill@yahoo.com,2014-02-10 21:05:29.898600
444,Irene Damico,Irene_Damico@yahoo.com,2014-02-10 21:05:29.898600
445,Evelyn Rodriguez,Evelyn_Rodriguez@yahoo.com,2012-02-10 21:05:29.898600
446,Mildred Cullom,Mildred_Cullom@yahoo.com,2015-02-10 21:05:29.898600
447,Robert Freeman,Robert_Freeman@yahoo.com,2018-02-10 21:05:29.898600
448,Mary Miser,Mary_Miser@yahoo.com,2013-02-10 21:05:29.898600
449,Cynthia Wine,Cynthia_Wine@yahoo.com,2015-02-10 21:05:29.898600
